"Status","Start Time","Stop Time","Duration in ms","Parent Suite","Suite","Sub Suite","Test Class","Test Method","Name","Description"
"broken","Thu Oct 08 18:10:00 UTC 2026","Thu Oct 08 18:10:04 UTC 2026","3788","","C33_WaitStrategies_AllureReportV1","","C33_WaitStrategies_AllureReportV1","WaitStrategiesTestV1","WaitStrategiesTestV1()","V1: allureStep metodu kullanılarak oluşturulan lineer bekleme stratejileri testi"
"failed","Thu Oct 08 18:10:52 UTC 2026","Thu Oct 08 18:10:58 UTC 2026","5705","","C23_BaseTestKullanimi_AllureReport","","C23_BaseTestKullanimi_AllureReport","test","test()","Kullanıcı anasayfa başlık kontrolü testi"
"passed","Thu Oct 08 18:09:45 UTC 2026","Thu Oct 08 18:09:54 UTC 2026","9466","","C32_Scroll_AllureReportV2","","C32_Scroll_AllureReportV2","scrollTest","scrollTest()","Manuel scroll ile sayfa sonundaki footer alanı kontrol ediliyor."
"passed","Thu Oct 08 18:10:06 UTC 2026","Thu Oct 08 18:10:12 UTC 2026","5953","","C27_ScreenRecord","","C27_ScreenRecord","videoRecordTest","videoRecordTest()","Kullanıcı işlemlerinin video kaydına alınması testi"
"failed","Thu Oct 08 18:10:43 UTC 2026","Thu Oct 08 18:10:49 UTC 2026","5703","","C22_BaseTestKullanimi_ExtentReport","","C22_BaseTestKullanimi_ExtentReport","test","test()",""
"passed","Thu Oct 08 18:10:58 UTC 2026","Thu Oct 08 18:11:03 UTC 2026","4732","","C29_AutomationExerciseSignUp","","C29_AutomationExerciseSignUp","signUpTest","signUpTest()","Faker kütüphanesi ile dinamik veri üreterek kayıt ve hesap silme testi"
"passed","Thu Oct 08 18:11:07 UTC 2026","Thu Oct 08 18:11:13 UTC 2026","6175","","C34_WaitStrategies_AllureReportV2","","C34_WaitStrategies_AllureReportV2","WaitStrategiesTest","WaitStrategiesTest()","Playwright'ın akıllı ve dinamik bekleme özelliklerini test eden kapsamlı senaryo"
"failed","Thu Oct 08 18:09:54 UTC 2026","Thu Oct 08 18:10:00 UTC 2026","6030","","C21_BaseTestKullanimi","","C21_BaseTestKullanimi","test","test()",""
"broken","Thu Oct 08 18:10:12 UTC 2026","Thu Oct 08 18:10:43 UTC 2026","30623","","C24_SingleFileUpload","","C24_SingleFileUpload","uploadTest","uploadTest()","Kullanıcı basit dosya yükleme testi"
"passed","Thu Oct 08 18:11:13 UTC 2026","Thu Oct 08 18:11:19 UTC 2026","5676","","C28_ScreenRecord_AllureReportV2","","C28_ScreenRecord_AllureReportV2","videoRecordTest","videoRecordTest()","V2: Lambda fonksiyonları ile geliştirilmiş, Sub-Step yapılı Video Kayıt Testi"
"passed","Thu Oct 08 18:10:49 UTC 2026","Thu Oct 08 18:10:52 UTC 2026","3556","","C25_MultipleFileUpload","","C25_MultipleFileUpload","uploadTest","uploadTest()","Kullanıcı çoklu dosya yükleme testi"
"passed","Thu Oct 08 18:11:19 UTC 2026","Thu Oct 08 18:11:21 UTC 2026","2778","","C31_Scroll_AllureReportV1","","C31_Scroll_AllureReportV1","scrollTest","scrollTest()","V1: allureStep kancası (hook) kullanılarak oluşturulan scroll testi"
"passed","Thu Oct 08 18:11:03 UTC 2026","Thu Oct 08 18:11:07 UTC 2026","3887","","C30_AutomationExerciseSignUp_AllureReportV2","","C30_AutomationExerciseSignUp_AllureReportV2","test","test()","V2: Lambda fonksiyonları ile modüler hale getirilmiş E2E test senaryosu"
"passed","Thu Oct 08 18:10:04 UTC 2026","Thu Oct 08 18:10:06 UTC 2026","2354","","C26_MultipleWindow","","C26_MultipleWindow","multipleWindowTest","multipleWindowTest()","Kullanıcı çoklu pencere (Popup) yönetimini test eder"
